Annotator 1	Annotator 1	Resolve1&2	Prompt	Response
T0	T0	T0	The text below consists of deliberative material protected under FOIA Exemption 5.  Explain why and cite any case law that supports this conclusion.; ; SOCIAL SECURITY Office of the Commissioner April 25, 1997 MEMORANDUM TO: Bruce Reed Assistant to the President for Domestic Policy SUBJECT: Proposed Legislation Regarding Nazi War criminals	"This text is protected under FOIA Exemption 5 because it contains deliberative material, which is defined as ""predecisional and deliberative"" records that are ""generated before the adoption of an agency policy and that reflect the give-and-take of the consultative process."" (NLRB v. Sears, Roebuck & Co., 421 U.S. 132, 150 (1975)). In this case, the memorandum is discussing proposed legislation, which is still in the deliberative stage and has not yet been adopted as agency policy. The memorandum also reflects the give-and-take of the consultative process, as it is addressed to an assistant to the President for Domestic Policy and likely contains recommendations and opinions from various agency officials. Therefore, this text is protected under FOIA Exemption 5."
D1	D1	D1	The text below consists of deliberative material protected under FOIA Exemption 5.  Explain why and cite any case law that supports this conclusion.; ; I must convey to you in the strongest possible terms that we should proceed to introduce  legislation that will deny Social Security benefits to all Nazi war criminals who are denaturalized · on the basis of having participated in Nazi persecution. Currently, Nazi war criminals who have  been denaturalized, but flee prior to the issuance of a final order of deportation, may continue to  collect Social Security benefits. The Social Security Administration (SSA) and the Department of  Justice staff have drafted corrective legislation. Such legislation should go forward without delay.	"This text is protected under FOIA Exemption 5, which exempts from disclosure ""inter-agency or intra-agency memorandums or letters that would not be available by law to a party other than an agency in litigation with the agency."" The text contains deliberative material, which is information that is part of the decision-making process and is therefore exempt from disclosure. The text discusses the need for legislation to deny Social Security benefits to Nazi war criminals who are denaturalized on the basis of having participated in Nazi persecution. The text also mentions that the SSA and the Department of Justice staff have drafted corrective legislation. This information is part of the decision-making process and is therefore exempt from disclosure.; ; Case law that supports this conclusion includes NLRB v. Sears, Roebuck & Co., 421 U.S. 132 (1975), which held that Exemption 5 protects ""documents reflecting advisory opinions, recommendations and deliberations comprising part of a process by which governmental decisions and policies are formulated."" Additionally, in Coastal States Gas Corp. v. Department of Energy, 617 F.2d 854 (D.C. Cir. 1980), the court held that Exemption 5 protects ""predecisional, deliberative communications that are part of the agency's decision-making process."" The text in question clearly falls within this category of protected material."
D1	D1	D1	The text below consists of deliberative material protected under FOIA Exemption 5.  Explain why and cite any case law that supports this conclusion.; ; While some groups have contended that such legislation could complicate the Government's ability to track down and successfully prosecute Nazi war criminals in this country, I find that contention difficult to accept. The federal government must pursue denaturalization and deportation against Nazi war criminals without any reference to whether or not they should receive Social Security benefits. Social Security benefits cannot, and should not, be used as a bargaining tool.	"The text is protected under FOIA Exemption 5, which exempts from disclosure ""inter-agency or intra-agency memorandums or letters which would not be available by law to a party other than an agency in litigation with the agency."" This exemption covers deliberative material, which includes opinions, recommendations, and thought processes that are part of the decision-making process within an agency. ; ; In this case, the text contains the author's opinion on the issue of whether Social Security benefits should be used as a bargaining tool in denaturalization and deportation proceedings against Nazi war criminals. This opinion is part of the author's thought process and decision-making within the agency, and therefore falls under the deliberative material exemption. ; ; Case law that supports this conclusion includes NLRB v. Sears, Roebuck & Co. (1975), which established that Exemption 5 covers ""documents reflecting advisory opinions, recommendations and deliberations comprising part of a process by which governmental decisions and policies are formulated."" Additionally, in United States v. Weber Aircraft Corp. (1978), the Supreme Court held that Exemption 5 protects ""opinions and recommendations which are part of the decision-making process itself."""
D1	D1	D1	The text below consists of deliberative material protected under FOIA Exemption 5.  Explain why and cite any case law that supports this conclusion.; ; The cruelest of ironies is the fact that, come August, SSA could be denying SSI benefits to legal immigrant Holocaust survivors while at the same time paying Social Security benefits to their Nazi tormentors.	"This text is protected under FOIA Exemption 5, which exempts from disclosure ""inter-agency or intra-agency memorandums or letters that would not be available by law to a party other than an agency in litigation with the agency."" This text appears to be an internal communication within the SSA discussing the potential denial of SSI benefits to legal immigrant Holocaust survivors. The text also references the payment of Social Security benefits to Nazi tormentors, which may involve sensitive information about individuals and their eligibility for benefits. ; ; Case law supporting this conclusion includes NLRB v. Sears, Roebuck & Co., 421 U.S. 132 (1975), which established that Exemption 5 protects ""documents reflecting advisory opinions, recommendations and deliberations comprising part of a process by which governmental decisions and policies are formulated."" Additionally, in Schiller v. NLRB, 964 F.2d 1205 (D.C. Cir. 1992), the court held that Exemption 5 protects ""predecisional and deliberative"" materials, including ""recommendations, draft documents, proposals, suggestions, and other subjective documents which reflect the personal opinions of the writer rather than the policy of the agency."""
D0	D0	D0	The text below consists of deliberative material protected under FOIA Exemption 5.  Explain why and cite any case law that supports this conclusion.; ; I would respectfully request that we meet to discuss this issue as soon as possible. Please contact my office at 202-358-6000 to set up an appointment	This text is not deliberative material protected under FOIA Exemption 5. It is a simple request for a meeting and does not contain any information related to agency decision-making or policy formulation. Therefore, it is not subject to FOIA Exemption 5. ; ; FOIA Exemption 5 protects inter-agency or intra-agency memorandums or letters that would not be available by law to a party other than an agency in litigation with the agency. The purpose of this exemption is to protect the decision-making process of the government by allowing officials to freely exchange ideas and opinions without fear of public disclosure. ; ; Case law that supports this conclusion includes NLRB v. Sears, Roebuck & Co., 421 U.S. 132 (1975), which established that Exemption 5 applies to documents that are both predecisional and deliberative. In other words, the document must be created before a decision is made and must contain opinions, recommendations, or advice related to the decision-making process. Since the text in question does not meet these criteria, it is not protected under Exemption 5.
T0	T0	T0	The text below consists of deliberative material protected under FOIA Exemption 5.  Explain why and cite any case law that supports this conclusion.; ; Sincerely, John J. Callahan Acting Commissioner Social Security Administration SOCIAL SECURITY ADMINISTRATION WASHINGTON DC 20254	"As an AI language model, I do not have access to the specific text that is being referred to in this message. However, based on the information provided, it is not possible to determine whether the text is protected under FOIA Exemption 5 without further context. FOIA Exemption 5 protects inter-agency or intra-agency memorandums or letters that would not be available by law to a party other than an agency in litigation with the agency. This exemption is often used to protect deliberative material, such as opinions, recommendations, and advice, that are part of the decision-making process within an agency. ; ; Case law that supports the use of FOIA Exemption 5 to protect deliberative material includes NLRB v. Sears, Roebuck & Co., 421 U.S. 132 (1975), which established the ""deliberative process privilege"" as a basis for withholding documents under Exemption 5. This privilege protects documents that are part of the decision-making process within an agency and that would reveal the agency's internal deliberations, opinions, and recommendations. Other cases that have applied Exemption 5 to protect deliberative material include EPA v. Mink, 410 U.S. 73 (1973), and Jordan v. U.S. Dep't of Justice, 591 F.2d 753 (D.C. Cir. 1978)."
D0	D0	D0	The text below consists of deliberative material protected under FOIA Exemption 5.  Explain why and cite any case law that supports this conclusion.; ; FACT SHEET.   SOCIAL SECURITY BENEFITS AND NAZI WAR CRIMINALS	"As an AI language model, I do not have access to current events or recent case law. However, based on the information provided, it is likely that the text is protected under FOIA Exemption 5, which covers privileged inter-agency or intra-agency communications. This exemption is intended to protect the decision-making process of government agencies by allowing them to withhold certain deliberative materials from public disclosure. The fact sheet may contain internal discussions or recommendations related to the administration of social security benefits for Nazi war criminals, which could be considered privileged and confidential. ; ; One case that supports this conclusion is NLRB v. Sears, Roebuck & Co. (1975), in which the Supreme Court held that Exemption 5 applies to ""documents reflecting advisory opinions, recommendations and deliberations comprising part of a process by which governmental decisions and policies are formulated."" Another relevant case is EPA v. Mink (1973), which established that Exemption 5 covers materials that are ""predecisional"" and ""deliberative"" in nature, meaning they were created before a final decision was made and contain opinions or recommendations related to that decision-making process."
D0	D1	D1	The text below consists of deliberative material protected under FOIA Exemption 5.  Explain why and cite any case law that supports this conclusion.; ; Current Law and Policy • Current policy is to remove Nazi war criminals from the U.S. and to deny them Social Security benefits. There is, however, a loophole under current law.	"The text is protected under FOIA Exemption 5 because it contains deliberative material related to the government's policy on Nazi war criminals and Social Security benefits. FOIA Exemption 5 protects inter-agency or intra-agency memorandums or letters that are part of the decision-making process of the government. The text discusses the current policy and the existence of a loophole in the law, which suggests that the government is still deliberating on how to address this issue. The disclosure of this information could harm the government's decision-making process and compromise its ability to effectively implement its policy. ; ; Case law that supports this conclusion includes NLRB v. Sears, Roebuck & Co., 421 U.S. 132 (1975), which established that Exemption 5 protects documents that are ""predecisional"" and ""deliberative"" in nature. The court held that the purpose of the exemption is to protect the quality of agency decisions by allowing for open and frank discussions among government officials without fear of public disclosure. The text in question clearly falls within this category of protected material."
D0	D1	D1	The text below consists of deliberative material protected under FOIA Exemption 5.  Explain why and cite any case law that supports this conclusion.; ; • Since the 1980's, the law has provided that Social Security benefits must be cut off when a final order of deportation is issued against an individual because that individual engaged in Nazi persecution or genocide. This provision of Social Security law is specifically for Nazi war criminals and provides for an earlier cut off than for other deportees, whose benefits are not cut off until they are actually deported.	"The text is protected under FOIA Exemption 5, which exempts from disclosure ""inter-agency or intra-agency memorandums or letters which would not be available by law to a party other than an agency in litigation with the agency."" The text contains deliberative material, which is material that reflects the opinions, recommendations, or thought processes of government officials involved in the decision-making process. The text discusses the legal provision for cutting off Social Security benefits for individuals who engaged in Nazi persecution or genocide, and the earlier cut off for Nazi war criminals compared to other deportees. This information is part of the government's internal deliberations and decision-making process, and is therefore protected under Exemption 5.; ; Case law that supports this conclusion includes NLRB v. Sears, Roebuck & Co., 421 U.S. 132 (1975), which established that Exemption 5 protects documents that are ""predecisional"" and ""deliberative."" The court held that the purpose of the exemption is to protect the decision-making process by allowing government officials to freely exchange ideas and opinions without fear of public disclosure. The text in question contains information about the government's decision-making process regarding Social Security benefits for Nazi war criminals, and is therefore protected under Exemption 5."
D0	D1	D1	The text below consists of deliberative material protected under FOIA Exemption 5.  Explain why and cite any case law that supports this conclusion.; ; • Of the 31 living Nazi war criminals who were eligible for Social Security benefits and who have left the United States, only 10 have lost benefits because of the Nazi war criminal provision in current Social Security law. SSA found other grounds to cut off benefits to two additional Nazi war criminals, but they could return to the Social Security rolls.	"This text is protected under FOIA Exemption 5, which exempts from disclosure ""inter-agency or intra-agency memorandums or letters that would not be available by law to a party other than an agency in litigation with the agency."" The text appears to be a summary of internal deliberations within the Social Security Administration (SSA) regarding the application of the Nazi war criminal provision in Social Security law. The disclosure of this information could potentially reveal the SSA's decision-making process and internal deliberations, which could harm the agency's ability to effectively administer the law.; ; There is no specific case law cited in this example, but courts have generally recognized that Exemption 5 protects internal agency communications that are part of the decision-making process. For example, in NLRB v. Sears, Roebuck & Co., 421 U.S. 132 (1975), the Supreme Court held that Exemption 5 protected internal agency memoranda that contained legal analysis and advice, even though the agency had already made a final decision in the case. Similarly, in Jordan v. U.S. Dep't of Justice, 591 F.2d 753 (D.C. Cir. 1978), the D.C. Circuit held that Exemption 5 protected internal agency communications that reflected the agency's deliberative process, even if they did not contain specific recommendations or opinions."
D0	D1	D1	The text below consists of deliberative material protected under FOIA Exemption 5.  Explain why and cite any case law that supports this conclusion.; ; • As of March 15, 1997, 18 Nazi war criminals (almost 2/3) were being paid Social Security benefits. In addition, I Nazi war criminal was eligible, but was temporarily not in pay status on March 15 because he was suspended based on the erroneous information that a final order of deportation had, in fact, been issued.	"The text is protected under FOIA Exemption 5 because it contains deliberative material related to the government's decision-making process. Specifically, it discusses the government's internal deliberations and actions regarding the payment of Social Security benefits to Nazi war criminals. This information is likely to be protected under the deliberative process privilege, which shields from disclosure documents and communications that are part of the government's decision-making process. ; ; The deliberative process privilege is based on the idea that the government must be able to freely and candidly discuss policy options and alternatives without fear that those discussions will be made public. This allows for more informed decision-making and promotes the effective functioning of government. The privilege is not absolute, however, and can be overcome if the public interest in disclosure outweighs the government's interest in keeping the information confidential.; ; There is case law that supports the conclusion that this text is protected under FOIA Exemption 5. For example, in NLRB v. Sears, Roebuck & Co., 421 U.S. 132 (1975), the Supreme Court held that the deliberative process privilege protects documents that are ""predecisional"" and ""deliberative"" in nature. Similarly, in Coastal States Gas Corp. v. DOE, 617 F.2d 854 (D.C. Cir. 1980), the D.C. Circuit held that the privilege applies to documents that are ""part of the give-and-take of the deliberative process"" and that ""reflect the personal opinions of the writer rather than the policy of the agency."" ; ; In this case, the text clearly reflects the government's internal deliberations and actions regarding the payment of Social Security benefits to Nazi war criminals. As such, it is likely to be protected under the deliberative process privilege and exempt from disclosure under FOIA Exemption 5."
D0	D1	D1	The text below consists of deliberative material protected under FOIA Exemption 5.  Explain why and cite any case law that supports this conclusion.; ; • These individuals escaped the Nazi war criminal provision in current Social Security law because DOJ did not, or could not, get a final order of deportation. Some of these individuals fled before DOJ could act. Others left without a final order of deportation after having reached settlement agreements with DOJ's Office of Special Investigations.	"This text is protected under FOIA Exemption 5, which exempts from disclosure ""inter-agency or intra-agency memorandums or letters that would not be available by law to a party other than an agency in litigation with the agency."" (5 U.S.C. § 552(b)(5)). The text contains information about the actions and decisions of the Department of Justice (DOJ) regarding individuals who escaped the Nazi war criminal provision in Social Security law. This information is likely part of an internal DOJ memorandum or letter discussing the agency's handling of these cases. ; ; The case law supporting this conclusion includes NLRB v. Sears, Roebuck & Co., 421 U.S. 132 (1975), which established that Exemption 5 applies to ""documents reflecting advisory opinions, recommendations and deliberations comprising part of a process by which governmental decisions and policies are formulated."" The text in question likely reflects the DOJ's deliberations and decision-making process regarding these individuals, and therefore falls under Exemption 5."
D0	D1	D1	The text below consists of deliberative material protected under FOIA Exemption 5.  Explain why and cite any case law that supports this conclusion.; ; • The operation of current law results in the U.S. taxpayers subsidizing the retirement of many Nazi war criminals, contrary to the policy that they not receive Social Security benefits.	"The text is protected under FOIA Exemption 5, which exempts from disclosure ""inter-agency or intra-agency memorandums or letters that would not be available by law to a party other than an agency in litigation with the agency."" The text appears to be a deliberative material that discusses the policy implications of the current law and proposes potential changes to it. The disclosure of such material could harm the agency's decision-making process by chilling the free exchange of ideas and opinions among agency officials. ; ; Case law that supports this conclusion includes NLRB v. Sears, Roebuck & Co., 421 U.S. 132 (1975), which held that Exemption 5 protects ""documents reflecting advisory opinions, recommendations and deliberations comprising part of a process by which governmental decisions and policies are formulated."" Similarly, in Jordan v. U.S. Dep't of Justice, 591 F.2d 753 (D.C. Cir. 1978), the court held that Exemption 5 protects ""predecisional and deliberative material, including recommendations, draft documents, proposals, suggestions, and other subjective documents which reflect the personal opinions of the writer rather than the policy of the agency."""
D1	D1	D1	The text below consists of deliberative material protected under FOIA Exemption 5.  Explain why and cite any case law that supports this conclusion.; ; • DOJ and SSA have been meeting over a period of several months. Both agencies have concluded that the result under current law is inappropriate and that current law concerning receipt of Social Security benefits by Nazi war criminals needs to be strengthened. The agencies have developed a legislative proposal.	"The text is deliberative material protected under FOIA Exemption 5 because it involves the development of a legislative proposal by two government agencies. Exemption 5 protects inter-agency or intra-agency memorandums or letters that would not be available by law to a party other than an agency in litigation with the agency. The purpose of this exemption is to protect the decision-making process of government agencies by allowing them to freely exchange ideas and opinions without fear of public disclosure. ; ; In this case, the text describes the ongoing discussions and collaboration between the DOJ and SSA regarding the need to strengthen current law concerning receipt of Social Security benefits by Nazi war criminals. The agencies have developed a legislative proposal, which is a clear indication of their decision-making process and internal deliberations. ; ; The case law that supports this conclusion is NLRB v. Sears, Roebuck & Co., 421 U.S. 132 (1975), which established that Exemption 5 protects documents that are ""predecisional"" and ""deliberative"" in nature. The court held that the purpose of the exemption is to protect the ""quality of agency decisions"" by allowing for ""open and frank discussion among those who make them."" ; ; In this case, the text clearly falls within the scope of Exemption 5 because it involves the development of a legislative proposal, which is a predecisional and deliberative document that is protected from public disclosure."
D1	D1	D1	The text below consists of deliberative material protected under FOIA Exemption 5.  Explain why and cite any case law that supports this conclusion.; ; Proposal  • DOJ and SSA propose that Social Security benefits be cut off when a federal court denaturalizes someone on the grounds that the person engaged in Nazi persecution. This is an earlier point in time than under current law. This proposal would cut off benefits of those who leave the U.S. before an order of deportation is issued, as well as those who attempt to stay in the U.S. by fighting an order of deportation.	"This text is protected under FOIA Exemption 5, which exempts from disclosure ""inter-agency or intra-agency memorandums or letters that would not be available by law to a party other than an agency in litigation with the agency."" The proposal is a deliberative material that contains recommendations, opinions, and suggestions that are part of the decision-making process of the DOJ and SSA. The proposal is not a final agency action, and its disclosure could harm the agencies' ability to make informed decisions and could chill the free flow of ideas and opinions within the agencies. ; ; Case law that supports this conclusion includes NLRB v. Sears, Roebuck & Co., 421 U.S. 132 (1975), which held that Exemption 5 protects ""predecisional"" and ""deliberative"" materials that are part of the decision-making process of an agency. The Supreme Court explained that the exemption is necessary to protect the quality of agency decisions by allowing agency officials to freely discuss and debate various policy options without fear of public disclosure. Other cases that support this conclusion include EPA v. Mink, 410 U.S. 73 (1973), and Jordan v. U.S. Dep't of Justice, 591 F.2d 753 (D.C. Cir. 1978)."
T0	T0	T0	The text below consists of deliberative material protected under FOIA Exemption 5.  Explain why and cite any case law that supports this conclusion.; ; Stephen C. Warnath Record Type: Record To: Elena Kagan/OPO/EOP cc: Subject: SSA benefits and Nazi War Criminals	"As an AI language model, I do not have access to current events or recent case law. However, based on the information provided, it appears that the text contains deliberative material that is protected under FOIA Exemption 5. This exemption covers ""inter-agency or intra-agency memorandums or letters that would not be available by law to a party other than an agency in litigation with the agency."" In other words, it protects communications between government officials that are part of the decision-making process and would not be disclosed in a lawsuit.; ; In this case, the text appears to be discussing the eligibility of Nazi war criminals for Social Security Administration benefits. This is likely a sensitive and controversial issue that involves legal and ethical considerations. The communication between Stephen C. Warnath and Elena Kagan/OPO/EOP is likely part of the decision-making process and would not be available to the public or other parties in a lawsuit. Therefore, it falls under FOIA Exemption 5.; ; One case that supports this conclusion is NLRB v. Sears, Roebuck & Co. (1978), in which the Supreme Court held that Exemption 5 covers ""predecisional"" and ""deliberative"" materials that are part of the decision-making process. The Court explained that these materials are protected because they ""reflect the give-and-take of the consultative process"" and ""contain opinions, recommendations, and deliberations comprising part of a process by which governmental decisions and policies are formulated."" Based on this reasoning, it is likely that the communication between Warnath and Kagan/OPO/EOP is protected under Exemption 5."
D0	D0	D0	The text below consists of deliberative material protected under FOIA Exemption 5.  Explain why and cite any case law that supports this conclusion.; ; I held the meeting yesterday with the DOJ, SSA, Neal Sher, former head of DOJ's OSI and representing the American Gathering of Holocaust Survivors, and Doug Bloomfield, representing the World Jewish Congress & World Jewish Restitution Organization. Counsel's Office (Dawn), Public Liaison (Jay Footlik) and 0MB (Melinda Haskins & Richard Green) also attended.	"This text is protected under FOIA Exemption 5, which exempts from disclosure ""inter-agency or intra-agency memorandums or letters which would not be available by law to a party other than an agency in litigation with the agency."" The text contains information about a meeting between various government agencies and outside organizations, as well as the attendance of specific individuals. This information is likely part of an internal deliberation process and is therefore exempt from disclosure under Exemption 5.; ; Case law that supports this conclusion includes NLRB v. Sears, Roebuck & Co. (1978), which established that Exemption 5 applies to materials that are ""predecisional"" and ""deliberative"" in nature. This includes materials that are part of an agency's decision-making process, such as internal discussions and meetings. The text in question clearly falls within this category, as it describes a meeting between various agencies and outside organizations to discuss a sensitive issue. Therefore, it is likely protected under Exemption 5."
D0	D1	D1	The text below consists of deliberative material protected under FOIA Exemption 5.  Explain why and cite any case law that supports this conclusion.; ; In summary, Messrs. Sher and Bloomfield presented a passionate argument that SSA's proposal will hurt prosecutions of Nazi war criminals. They want the status quo left alone and for SSA not to introduce its legislative proposal. They presented the argument that I outlined for you earlier: They deeply believe that some judges will act more sympathetically toward old men who were Nazis if they can argue that not only is the government trying to strip them of their citizenship, but the government is also impoverishing them while they are trying to defend their rights during the judicial process. They think that a single bad outcome in a case could have farreaching implications for other cases. They admit that it is impossible to accurately predict what judges may in fact do, but they hold the view with absolute conviction that this will hurt prosecutions.	"This text is protected under FOIA Exemption 5, which exempts from disclosure ""inter-agency or intra-agency memorandums or letters that would not be available by law to a party other than an agency in litigation with the agency."" The text contains deliberative material, which is material that reflects the opinions, recommendations, or thought processes of government officials involved in the decision-making process. The text discusses the arguments presented by Messrs. Sher and Bloomfield regarding the potential negative impact of SSA's proposal on prosecutions of Nazi war criminals. This is a classic example of deliberative material, as it reflects the opinions and recommendations of government officials involved in the decision-making process. ; ; Case law that supports this conclusion includes NLRB v. Sears, Roebuck & Co., 421 U.S. 132 (1975), which held that Exemption 5 protects ""documents reflecting advisory opinions, recommendations and deliberations comprising part of a process by which governmental decisions and policies are formulated."" Additionally, in Jordan v. U.S. Dep't of Justice, 591 F.2d 753 (D.C. Cir. 1978), the court held that ""the deliberative process privilege protects documents that are both predecisional and deliberative."" The text in question clearly meets both of these criteria, as it reflects the opinions and recommendations of government officials involved in the decision-making process."
D1	D1	D1	"The text below consists of deliberative material protected under FOIA Exemption 5.  Explain why and cite any case law that supports this conclusion.; ; Obviously, everyone in attendance agreed that we shared the objective of not wanting to do anything to compromise prosecutions of Nazis. SSA and DOJ explained how they engaged in interagency discussions to reach what they jointly view as a proposal that properly balances SSA's concern about ""subsidizing the retirement of Nazis"" with enforcement concerns. It is important to note that DOJ concedes that there remains some possible enforcement implications, but again, they believe that this proposal is an appropriate balancing of policy objectives."	"This text is protected under FOIA Exemption 5, which exempts from disclosure ""inter-agency or intra-agency memorandums or letters that would not be available by law to a party other than an agency in litigation with the agency."" The text contains deliberative material, which is defined as ""predecisional and deliberative material, which is typically protected from disclosure because it reflects the give-and-take of the decision-making process."" (NLRB v. Sears, Roebuck & Co., 421 U.S. 132, 150 (1975)). The text discusses interagency discussions and the balancing of policy objectives, which are part of the decision-making process and therefore protected under Exemption 5."
D1	D1	D1	The text below consists of deliberative material protected under FOIA Exemption 5.  Explain why and cite any case law that supports this conclusion.; ; In my follow-up with the White House attendees at the meeting, we agree that the specific enforcement concern depends on predictions on what judges may or may not do and therefore does not sound fully compelling EXCEPT that it is impossible to ignore who is raising the concern. These individuals are representatives of those who are the most concerned about and the most effected by this proposal. It gains us very little to close this SSA loophole if taking that action is decried in the strongest possible terms by the victims of those war criminals as undermining their prosecutions.	"This text is protected under FOIA Exemption 5, which exempts from disclosure ""inter-agency or intra-agency memorandums or letters that would not be available by law to a party other than an agency in litigation with the agency."" The text contains deliberative material, which is material that is ""predecisional"" and ""deliberative"" in nature, meaning it is part of the decision-making process and reflects the agency's thought processes, opinions, and recommendations. ; ; The text discusses the enforcement concern related to a proposal and the opinions of White House attendees at a meeting. It also considers the concerns of representatives of those who are most affected by the proposal. This material is predecisional and deliberative because it reflects the agency's internal discussions and thought processes about the proposal and its potential impact. ; ; Case law that supports this conclusion includes NLRB v. Sears, Roebuck & Co., 421 U.S. 132 (1975), which held that Exemption 5 protects ""documents reflecting advisory opinions, recommendations and deliberations comprising part of a process by which governmental decisions and policies are formulated."" Additionally, in Coastal States Gas Corp. v. Department of Energy, 617 F.2d 854 (D.C. Cir. 1980), the court held that Exemption 5 protects ""documents that are both predecisional and deliberative, meaning that they were generated before the adoption of an agency policy and reflect the give-and-take of the decision-making process."""
D1	D1	D1	The text below consists of deliberative material protected under FOIA Exemption 5.  Explain why and cite any case law that supports this conclusion.; ; And make no mistake, Messrs. Sher and Bloomfield were absolutely clear that they and their organizations would protest vociforously. They would protest in the media, and they would protest in Congress. They would make sure that it is known that the President has introduced legislation that would compromise the prosecutions of Nazis.	"The text is protected under FOIA Exemption 5, which exempts from disclosure ""inter-agency or intra-agency memorandums or letters which would not be available by law to a party other than an agency in litigation with the agency."" This exemption covers deliberative material, which includes opinions, recommendations, and thought processes involved in the decision-making process. ; ; In this case, the text contains discussions of potential protests and reactions to a proposed legislation, which are part of the internal deliberations of the agency. The disclosure of such information could harm the agency's decision-making process and compromise its ability to effectively carry out its functions. ; ; Case law supporting this conclusion includes NLRB v. Sears, Roebuck & Co. (1978), which established that Exemption 5 protects ""predecisional"" and ""deliberative"" material that is part of the agency's decision-making process. Additionally, in Coastal States Gas Corp. v. DOE (1981), the Supreme Court held that Exemption 5 protects ""opinions, recommendations, and other communications that reflect the personal opinions of the writer rather than the policy of the agency."""
D1	D1	D1	The text below consists of deliberative material protected under FOIA Exemption 5.  Explain why and cite any case law that supports this conclusion.; ; On the other hand, they said that if SSA is criticized for making such payments they would engage in whatever steps were necessary to explain to the public, to Members of Congress, and to the media that SSA's policies were sound and that anyone promoting an alternative view would be hurting prosecutions. There is already at least one critical article that has appeared (St. Petersburg Times) and SSA has been contacted by a Tampa CBS affiliate for comment. I think that we can anticipate other critical pieces, and it may be picked up by the national press. Cong. Bunning (R-Ky), chair of the Ways and Means Social Security Subcommittee has requested information about the St. Petersburg story.	"The text is protected under FOIA Exemption 5, which exempts from disclosure ""inter-agency or intra-agency memorandums or letters which would not be available by law to a party other than an agency in litigation with the agency."" The text contains deliberative material, which is material that reflects the opinions, recommendations, or thought processes of government officials involved in the decision-making process. The text discusses the potential criticism that the SSA may face for making certain payments and the steps that the agency would take to defend its policies. This is a discussion of the agency's internal deliberations and thought processes, which is protected under Exemption 5.; ; Case law that supports this conclusion includes NLRB v. Sears, Roebuck & Co., 421 U.S. 132 (1975), which held that Exemption 5 protects ""opinions, recommendations, and other communications that reflect the personal opinions of the writer rather than the policy of the agency."" Additionally, in Coastal States Gas Corp. v. Department of Energy, 617 F.2d 854 (D.C. Cir. 1980), the court held that Exemption 5 protects ""documents that are part of the agency's deliberative process, i.e., documents reflecting advisory opinions, recommendations and deliberations comprising part of a process by which governmental decisions and policies are formulated."""
D1	D1	D1	The text below consists of deliberative material protected under FOIA Exemption 5.  Explain why and cite any case law that supports this conclusion.; ; Given the foregoing considerations, I think that this is a very difficult issue, but I have to recommend to you that we provide guidance to SSA that the proposal should not go forward, Normally, I would give quite a bit of deference to Justice and SSA for the product of a solid interagency process. Nobody wants to provide benefits to Nazis, ESPECIALLY when some of their victims who are legal immigrants may face benefit cut-offs, but we cannot ignore the absolute conviction of those who we heard from who represent the victims when they say that the President will hinder the prosecutions of Nazis with this proposal.	"This text is protected under FOIA Exemption 5, which exempts from disclosure ""inter-agency or intra-agency memorandums or letters that would not be available by law to a party other than an agency in litigation with the agency."" The text contains deliberative material, which is protected from disclosure because it reflects the internal decision-making process of the agency and contains opinions, recommendations, and advice that are part of the agency's decision-making process. ; ; The case law that supports this conclusion is NLRB v. Sears, Roebuck & Co., 421 U.S. 132 (1975), which established the deliberative process privilege as a component of Exemption 5. The privilege protects from disclosure documents that are ""predecisional"" and ""deliberative,"" meaning they were created before a final decision was made and contain opinions, recommendations, or advice that were part of the agency's decision-making process. The purpose of the privilege is to encourage frank and open discussion among agency officials and to protect the quality of decision-making by shielding it from premature disclosure."
D1	D1	D1	The text below consists of deliberative material protected under FOIA Exemption 5.  Explain why and cite any case law that supports this conclusion.; ; Dawn agrees with this recommendation based upon her participation in the meeting. Public Liaison agrees.	"This text is protected under FOIA Exemption 5, which exempts from disclosure ""inter-agency or intra-agency memorandums or letters that would not be available by law to a party other than an agency in litigation with the agency."" The text is deliberative in nature, as it reflects the opinions and recommendations of government officials in the course of their decision-making process. The fact that Dawn and Public Liaison agree with the recommendation further underscores its deliberative nature, as it suggests that the recommendation is still subject to debate and revision. ; ; Case law that supports this conclusion includes NLRB v. Sears, Roebuck & Co., 421 U.S. 132 (1975), which held that Exemption 5 protects ""documents reflecting advisory opinions, recommendations and deliberations comprising part of a process by which governmental decisions and policies are formulated."" Other cases, such as Jordan v. U.S. Dep't of Justice, 591 F.2d 753 (D.C. Cir. 1978), have similarly held that Exemption 5 protects documents that are ""predecisional and deliberative."""
D0	D0	D0	The text below consists of deliberative material protected under FOIA Exemption 5.  Explain why and cite any case law that supports this conclusion.; ; Let me know what you think. Thanks Elena.	As an AI language model, I do not have personal opinions. However, I can provide you with the necessary information. ; ; The text is deliberative material protected under FOIA Exemption 5 because it contains pre-decisional and deliberative information that is part of the government's decision-making process. FOIA Exemption 5 protects inter-agency or intra-agency memorandums or letters that would not be available by law to a party other than an agency in litigation with the agency. The purpose of this exemption is to encourage open and frank discussions among government officials without fear of public disclosure.; ; Case law that supports this conclusion includes NLRB v. Sears, Roebuck & Co., 421 U.S. 132 (1975), which held that Exemption 5 protects documents that are both pre-decisional and deliberative. Additionally, in Coastal States Gas Corp. v. Department of Energy, 617 F.2d 854 (D.C. Cir. 1980), the court held that Exemption 5 protects documents that are part of the agency's decision-making process, even if they are not directly related to a specific decision.
D0	D1	D1	The text below consists of deliberative material protected under FOIA Exemption 5.  Explain why and cite any case law that supports this conclusion.; ; BACKGROUND: The current law is that SSA benefits must be cut off when a final order of deportation is issued against an individual becuase that individual engaged in Nazi persecution or genocide.  The loophole exists, for example, for a Nazi who flees the country without an order of deportation. Under those circumstances, SSA benefits would continue.	"The deliberative material in this text is protected under FOIA Exemption 5, which exempts from disclosure ""inter-agency or intra-agency memorandums or letters that would not be available by law to a party other than an agency in litigation with the agency."" The text discusses the current law and a potential loophole in that law, which involves the interpretation and application of legal provisions. This type of material is considered deliberative because it reflects the agency's internal discussions and analysis of legal issues, rather than a final decision or action. ; ; Case law that supports this conclusion includes NLRB v. Sears, Roebuck & Co., 421 U.S. 132 (1975), which established that Exemption 5 protects ""documents reflecting advisory opinions, recommendations and deliberations comprising part of a process by which governmental decisions and policies are formulated."" Additionally, in Coastal States Gas Corp. v. Department of Energy, 617 F.2d 854 (D.C. Cir. 1980), the court held that Exemption 5 applies to ""pre-decisional, deliberative communications that are part of the agency's decision-making process."" ; ; In this case, the text reflects the agency's deliberations and analysis of legal issues related to the interpretation and application of the law. As such, it falls within the scope of Exemption 5 and is protected from disclosure under FOIA."
D0	D1	D1	The text below consists of deliberative material protected under FOIA Exemption 5.  Explain why and cite any case law that supports this conclusion.; ; Of the 31 living Nazi war criminal who were eligible for benefits and who have left the United  States, only 10 have lost benefits because of the Nazi war criminal provision in current Social Security law. As of March 15, 1997, 18 Nazi war criminals almost (2/3) were being paid Social Security benefits. SSA found other grounds to cut off benefits to two additional Nazi war criminals, but they could return to the Social Security roles and the pay status of another one is temporarily suspended.	"This text is protected under FOIA Exemption 5, which exempts from disclosure ""inter-agency or intra-agency memorandums or letters which would not be available by law to a party other than an agency in litigation with the agency."" The text contains internal deliberations and decisions made by the Social Security Administration (SSA) regarding the payment of benefits to Nazi war criminals. The disclosure of this information could harm the SSA's ability to make informed decisions and could reveal sensitive information about its decision-making process.; ; Case law that supports this conclusion includes NLRB v. Sears, Roebuck & Co. (1975), which established that Exemption 5 protects ""documents reflecting advisory opinions, recommendations and deliberations comprising part of a process by which governmental decisions and policies are formulated."" Additionally, in EPA v. Mink (1973), the Supreme Court held that Exemption 5 protects ""predecisional"" documents that are ""deliberative in nature"" and ""reflect the give-and-take of the consultative process."""
T0	T0	T0	The text below consists of deliberative material protected under FOIA Exemption 5.  Explain why and cite any case law that supports this conclusion.; ; Stephen C. Warnath 04/16/97 05:18:53 Record Type: Record To: Elena Kagan/OPD/EOP cc: Subject: Re: SSA benefits and Nazi War Criminals ~	"The text is protected under FOIA Exemption 5, which exempts from disclosure ""inter-agency or intra-agency memorandums or letters which would not be available by law to a party other than an agency in litigation with the agency."" This exemption covers deliberative material, which includes documents that are part of the decision-making process and contain opinions, recommendations, or advice. ; ; In this case, the text appears to be a communication between two government officials discussing the issue of Social Security benefits for Nazi war criminals. The content of the communication likely contains opinions, recommendations, or advice related to the decision-making process on this issue. Therefore, it falls under the deliberative material category and is protected under FOIA Exemption 5.; ; Case law that supports this conclusion includes NLRB v. Sears, Roebuck & Co. (1975), which established that Exemption 5 covers documents that are part of the decision-making process and contain opinions, recommendations, or advice. Additionally, in United States v. Weber Aircraft Corp. (1978), the court held that Exemption 5 protects documents that are ""predecisional"" and ""deliberative"" in nature."
D1	D1	D1	The text below consists of deliberative material protected under FOIA Exemption 5.  Explain why and cite any case law that supports this conclusion.; ; There is not a drop-dead deadline to drop a legislative proposal. However, the urgency of deciding  arises because the subcommittee Chairman & staff have been asking SSA as recently as  yesterday where they are on solving the problem of Nazi's getting paid. SSA has been putting them off saying that they are continuing to work on the issue. There is a technical mark-up, but this proposal doesn't have to be a technical (in fact it may not be eligible to be a technical). It could be offered later as a stand-alone (or alternatively a member of Congress could offer a bill and we could support that if we chose to) so the 23rd is not magical, but SSA is feeling pressure to get back to the subcommittee Chair fairly promptly.	"This text is protected under FOIA Exemption 5, which exempts from disclosure ""inter-agency or intra-agency memorandums or letters that would not be available by law to a party other than an agency in litigation with the agency."" The text contains internal deliberations and discussions between SSA staff and subcommittee members regarding legislative proposals and the urgency of deciding on a solution to the problem of Nazi's getting paid. The text also discusses the potential timing and eligibility of the proposal, as well as alternative options for addressing the issue. This type of internal communication and deliberation is protected under Exemption 5 because it is part of the agency's decision-making process and would not be available to the public or other parties in litigation. ; ; Case law supporting this conclusion includes NLRB v. Sears, Roebuck & Co., 421 U.S. 132 (1975), which established that Exemption 5 protects ""documents reflecting advisory opinions, recommendations and deliberations comprising part of a process by which governmental decisions and policies are formulated."" Additionally, Mead Data Central, Inc. v. U.S. Dept. of the Air Force, 566 F.2d 242 (D.C. Cir. 1977), held that Exemption 5 applies to ""predecisional"" documents that are ""deliberative in nature"" and ""reflect the give-and-take of the consultative process."""
D1	D1	D1	The text below consists of deliberative material protected under FOIA Exemption 5.  Explain why and cite any case law that supports this conclusion.; ; Also pressing is a media inquiry from the Tampa CBS affiliate that SSA has also been holding off for awhile. They want SSA to tell them what it's doing about the problem. SSA anticipates that this may be the beginnning of a lot of bad press about how it provides money for the retirement of Nazis.	"The text is protected under FOIA Exemption 5, which exempts from disclosure ""inter-agency or intra-agency memorandums or letters that would not be available by law to a party other than an agency in litigation with the agency."" The text contains internal deliberations and discussions about how to handle media inquiries and potential negative press, which are considered privileged and confidential communications between government officials. ; ; Case law supporting this conclusion includes NLRB v. Sears, Roebuck & Co., 421 U.S. 132 (1975), which established that Exemption 5 protects ""documents reflecting advisory opinions, recommendations and deliberations comprising part of a process by which governmental decisions and policies are formulated."" Additionally, in Coastal States Gas Corp. v. Department of Energy, 617 F.2d 854 (D.C. Cir. 1980), the court held that Exemption 5 protects ""predecisional, deliberative communications that are part of the agency's decision-making process."""
D1	D1	D1	The text below consists of deliberative material protected under FOIA Exemption 5.  Explain why and cite any case law that supports this conclusion.; ; This is a no-win situation. We are either going to be criticized for paying retirement to Nazis or we will be criticized because at least several major Jewish organizations will charge us with compromising enforcement. There is going to be critical press whatever the decision is. The straight policy call is probably that we should be able to rely upon the Department of Justice to determine the appropriate enforcement assessment and what will or won't damage prosecutions. And DOJ says they have struck the right balance. However, I don't think that the policy determination can be completely divorced from an assessment of the political overlay on this issue.	"This text is protected under FOIA Exemption 5 because it contains deliberative material, specifically the internal discussion and analysis of policy options and potential consequences. The text discusses the potential criticism and political implications of a decision regarding retirement payments to Nazis and the role of the Department of Justice in determining appropriate enforcement. The text also acknowledges the need to consider the political overlay on the issue. This type of internal discussion and analysis is protected under Exemption 5 because it is considered pre-decisional and part of the agency's decision-making process. ; ; Case law that supports this conclusion includes NLRB v. Sears, Roebuck & Co., 421 U.S. 132 (1975), which established that Exemption 5 protects ""opinions, recommendations, and deliberations comprising part of a process by which governmental decisions and policies are formulated."" Additionally, in Coastal States Gas Corp. v. Department of Energy, 617 F.2d 854 (D.C. Cir. 1980), the court held that Exemption 5 protects ""documents reflecting advisory opinions, recommendations and deliberations comprising part of a process by which governmental decisions and policies are formulated."""
D0	D0	D0	The text below consists of deliberative material protected under FOIA Exemption 5.  Explain why and cite any case law that supports this conclusion.; ; Let me know how you want to proceed or if I can get you some more information. If you think it would be helpful, I could set up a meeting between these gentlemen and you (and whoever else you think should be invited) so that you can guage this directly for yourself.	"As an AI language model, I do not have access to the specific context of this text. However, based on the language used, it is possible that this text contains deliberative material that is protected under FOIA Exemption 5. FOIA Exemption 5 protects inter-agency or intra-agency memorandums or letters that are ""predecisional"" and ""deliberative"" in nature. This means that the material is part of the decision-making process and contains opinions, recommendations, or advice that are intended to assist in the decision-making process. ; ; In this text, the author is discussing the possibility of setting up a meeting between certain individuals to discuss a matter. This discussion could be considered part of the decision-making process and may contain opinions, recommendations, or advice that are intended to assist in the decision-making process. Therefore, it is possible that this text contains deliberative material that is protected under FOIA Exemption 5.; ; One case that supports this conclusion is NLRB v. Sears, Roebuck & Co., 421 U.S. 132 (1975). In this case, the Supreme Court held that FOIA Exemption 5 protects documents that are ""predecisional"" and ""deliberative"" in nature, even if they are not part of the formal decision-making process. The Court explained that the purpose of the exemption is to protect the decision-making process by allowing agency officials to freely exchange opinions, recommendations, and advice without fear of public disclosure."
